{
  "buildCommand": "npm install && npm run build",
  "outputDirectory": "dist",
  "framework": "vite",
  "installCommand": "npm install",
  "devCommand": "npm run dev",
  "rewrites": [
    {
      "source": "/(.*)",
      "destination": "/index.html"
    }
  ],
  "headers": [
    {
      "source": "/service-worker.js",
      "headers": [
        {
          "key": "Service-Worker-Allowed",
          "value": "/"
        },
        {
          "key": "Cache-Control",
          "value": "public, max-age=0, must-revalidate"
        }
      ]
    },
    {
      "source": "/manifest.json",
      "headers": [
        {
          "key": "Content-Type",
          "value": "application/manifest+json"
        }
      ]
    }
  ]
}
